sequence_name,n_sequences_tips,alignment_length,crown_age,gamma_shape,prop_invariant,insertion_rate,deletion_rate,mean_insertion_length,mean_deletion_length,normalized_colless_index,gamma,best_BD_speciation_rate,best_BD_extinction_rate,best_BD_speciation_alpha,best_BD_extinction_alpha,best_BLINDLIN,best_BCSTDLIN,indel_rate
seq_1,10,383,4.675312736128364,2.2924816606132374,0.0003126858064251,0.1137040649355052,0.1880101450384753,8.1084776190319,8.564191276538399,0.1507541348132449,-12.550228116903586,6.643268675558802,19.974926468101007,-3.1190751952360727,14.902083100467944,1,0,0.3017142099739806
seq_2,10,533,3.151759007533917,1.4590173406445028,0.0397936182233787,0.0730132534308756,0.0867935245527572,5.448434422043465,6.541117737366033,0.1002924505746167,-6.0885089453240395,4.228007599032113,5.3934819826543645,-1.575201342604183,0.5379593117993693,1,0,0.1598067779836329
seq_3,10,572,4.410441055797332,1.515285985794507,0.0258565699424919,0.1274620993339756,0.0933746011942106,3.647172617537848,3.4132276945408586,0.0733006749777401,60.515102144626304,8.13540862366083,13.627886600294126,-2.9266217286442076,3.8018175409998456,1,0,0.2208367005281863
seq_4,10,241,4.488020661577073,1.2143664158444951,0.0331152650095344,0.0830774738539086,0.0712131660475999,4.188335495205225,5.284157593824187,0.1239321406560052,-13.830350000268147,14.97122550795792,16.839060713887903,-0.2811517697065665,5.869645549399883,1,0,0.1542906399015086
seq_5,10,85,2.3887012557160787,1.577779604025992,0.0030754707330173,0.1252013663031164,0.1222674675932251,3.799927400309739,3.988611619296292,0.1046395388053679,32.370166452389284,88.12279978562532,41.12420726228064,33.590889571430026,19.517838309025553,1,0,0.2474688338963416
