sequence_name,n_sequences_tips,alignment_length,crown_age,gamma_shape,prop_invariant,insertion_rate,deletion_rate,mean_insertion_length,mean_deletion_length,normalized_colless_index,gamma,best_BD_speciation_rate,best_BD_extinction_rate,best_BD_speciation_alpha,best_BD_extinction_alpha,best_BLINDLIN,indel_rate
seq_1,10,81,2.623816271056155,1.3005273250025202,0.0150598869511076,0.0497342407934688,0.0932966262364516,2.7182988875323817,2.362126200106494,0.468501315095528,-3.8827322810535305,14.779099620713202,12.284217530523366,-0.3998200368813647,35.84222859913767,1,0.1430308670299205
seq_2,10,74,2.440962602746329,1.552846612088678,0.0434235729061746,0.1119158840822997,0.041122618974896,2.1016596688361364,3.412699202138037,0.2525808044867857,12.908884270523838,18.48934558148423,20.012127483515624,6.933804692539655,45.24810970248632,1,0.1530385030571958
