path,elapsed_historian,elapsed_baliphy
data/simulation/SCOPt3e1/seq_1,1857.764767408371,25200.54849100113
data/simulation/SCOPt4e1/seq_1,25200.54398727417,25200.54753303528
data/simulation/SCOPt2e1/seq_1,25200.68468618393,25200.692190885544
data/simulation/SCOPt1e1/seq_1,1988.9040310382843,25200.693756103516
