sequence_name,n_sequences_tips,alignment_length,crown_age,gamma_shape,prop_invariant,insertion_rate,deletion_rate,mean_insertion_length,mean_deletion_length,normalized_colless_index,gamma,best_BD_speciation_rate,best_BD_extinction_rate,best_BD_speciation_alpha,best_BD_extinction_alpha,best_BLINDLIN,indel_rate,percent_unique_topologies,likelihood_ess,n_samples,shared_homologies,homologies_reference,homologies_estimated,correctly_aligned_columns,aligned_columns_ref,singleton_insertion_ref,aligned_columns_est,singleton_insertion_est,sp_score,modeler,spfn,spfp,compression_naive,compression,tc,rf_distance,max_rf_distance,n_common_leaves,rfl_distance,wall_clock_s,best_BCSTDLIN
seq_1_SCOPt4e3,20,29,1.2943260085750978,1.5483518577932796,0.0258308619572078,0.129948703041073,0.3745969974029257,3.2202753917174136,1.8377956183074375,0.2824514904864558,16.44633182536838,69.55411902517797,36.30836236158358,50.85520711722472,39.237215330491104,1,0.5045457004439988,99.939,10419.779312,45902,6722,6911,6922,23,29,"(2, 0)",29,"(2, 0)",0.9726522934452322,0.971106616584802,0.0273477065547678,0.0288933834151978,1.0,1.0,0.7931034482758621,28,46,25,118.79523523475606,25200.54753303528,
seq_1_SCOPt2e3,31,645,2.319319395916427,1.5442508099876162,0.0212252618082061,0.2097440343287682,0.2589979725052173,5.114761413826496,6.615504666340339,0.1847994051464556,76.97125950635746,71.33316817693117,28.07591408406842,25.47698559240624,4.97459292656932,1,0.4687420068339856,0.057189,798.230605,8743,17016,17261,17248,650,692,"(33, 0)",692,"(36, 0)",0.985806152598343,0.9865491651205937,0.0141938474016569,0.0134508348794063,1.004137931034483,1.004137931034483,0.9393063583815028,4,12,8,13.238688424943549,25200.692190885544,0.0
