sequence_name,n_sequences_tips,alignment_length,crown_age,gamma_shape,prop_invariant,insertion_rate,deletion_rate,mean_insertion_length,mean_deletion_length,normalized_colless_index,gamma,best_BD_speciation_rate,best_BD_extinction_rate,best_BD_speciation_alpha,best_BD_extinction_alpha,best_BCSTDLIN,best_BLINDEXP,indel_rate
seq_1,10,128,2.919258369833744,2.3785843504350073,0.0063725591757905,0.239580519634001,0.1759672714802663,2.338312042633778,2.934027515226025,0.1892994995919701,-38.78622544325008,3.286406863433288,22.45488220756669,0.0,13.047590550721416,1,0,0.4155477911142674
seq_2,10,95,2.0022496283012874,2.5521651529523273,0.0134300867972668,0.0678554597800997,0.0939775190282494,1.4574929888471089,1.7498166449648669,0.0982767397351635,1.39485613521261,7.2035325221860615,44.32892070492149,0.0,62.01361185497942,1,0,0.1618329788083491
seq_3,10,139,2.1581492556559647,1.7772126212221215,0.007740429891951783,0.10515288446909268,0.07924192367513214,4.005022140688251,5.100935436331356,0.12307015526489351,-61.22458834361028,10.648203713714242,56.689069906250666,0.0,68.35520962034416,1,0,0.18439480814422482
seq_4,10,78,2.594853125370639,2.777092029142569,0.0154099925346259,0.0588757248414798,0.1161738094255222,2.553731449630404,3.215369468347067,0.4891808642757216,-34.91044154582245,17.960003391452595,89.88431841546793,0.0,50.5157567297316,1,0,0.1750495342670021
seq_5,10,128,2.3635528161465387,1.2082206782979308,0.0041098496999956,0.1108369377586512,0.1039454113757764,2.791961652471693,3.56815920480687,0.4429652542059446,-16.725562294020225,12.197318199659511,60.6697192304011,0.0,67.56592073346384,1,0,0.2147823491344277
