sequence_name,n_sequences_tips,alignment_length,crown_age,gamma_shape,prop_invariant,insertion_rate,deletion_rate,mean_insertion_length,mean_deletion_length,normalized_colless_index,gamma,best_BD_speciation_rate,best_BD_extinction_rate,best_BD_speciation_alpha,best_BD_extinction_alpha,best_BLINDLIN,best_BCSTDLIN,best_BEXPDLIN,best_BLINDEXP,best_BEXPDCST,indel_rate
seq_1,10,169,2.2181529016268726,1.8265873716862264,0.0093561643140178,0.0972531609414062,0.186276457638832,2.103490962057083,2.4309242630132704,0.214941681897437,9.54865312933654,59.995079480655946,64.87386404827761,17.72347798975335,62.86999725099195,1,0,0,0,0,0.2835296185802383
seq_2,10,176,4.653628916325962,1.8908822488489072,0.0285653014919308,0.1738164510961027,0.21035281032021,2.9282170677888377,3.4080378984508912,0.2093102243880346,42.152237524763834,10.62241094199478,27.866345998853383,-7.999563623534426,12.811130585248891,1,0,0,0,0,0.3841692614163128
seq_3,10,27,3.5588482762928924,1.3567194947948762,0.0201337755823031,0.0569262340690729,0.082076169176676,1.3721451704008436,1.643179450072345,0.0589846888079073,20.147632463459033,17.78044875689761,12.976717273796384,3.93612596111862,17.385673906516203,1,0,0,0,0,0.1390024032457489
seq_4,10,83,3.494807829212603,1.6562084412475064,0.0087110824484571,0.1187203342902567,0.1409848320504095,1.1760358832677986,1.40406892365481,0.1280003051055121,-20.42007838319854,11.005398915138464,40.255238905041935,2.4191813135870053,17.99602560047282,1,0,0,0,0,0.2597051663406662
seq_5,10,239,2.894208391528215,2.125833328511149,0.0402946180803146,0.1027585138285748,0.1210047777544349,3.4348674049190895,5.03785487950809,0.2796400389729611,0.7283431695150353,9.46479850409298,51.12442260929098,0.0,11.449850878724307,0,1,0,0,0,0.2237632915830097
