	amino acid	equilibrium frequency
0	A	0.08554221144867301
1	C	0.01317507270141488
2	D	0.05551064796327841
3	E	0.06419777244196825
4	F	0.042279100164377116
5	G	0.07082907621789683
6	H	0.021972565523421462
7	I	0.06020179488931536
8	K	0.05315012999855687
9	L	0.10158255023692132
10	M	0.0216182625951078
11	N	0.03885809244689688
12	P	0.04424600592782286
13	Q	0.03667654409712302
14	R	0.05625279463151011
15	S	0.06263913263244099
16	T	0.053852564221796066
17	V	0.07089552982313517
18	W	0.013856999424262587
19	Y	0.032663152614080995
