sequence_name,n_sequences_tips,alignment_length,crown_age,gamma_shape,prop_invariant,insertion_rate,deletion_rate,mean_insertion_length,mean_deletion_length,normalized_colless_index,gamma,best_BD_speciation_rate,best_BD_extinction_rate,best_BD_speciation_alpha,best_BD_extinction_alpha,best_BLINDLIN,indel_rate
seq_1,10,81,2.623816271056155,1.3005273250025202,0.0150598869511076,0.0497342407934688,0.0932966262364516,2.7182988875323817,2.362126200106494,0.468501315095528,-3.8827322810535305,14.779099620713202,12.284217530523366,-0.3998200368813647,35.84222859913767,1,0.1430308670299205
seq_2,10,74,2.440962602746329,1.552846612088678,0.0434235729061746,0.1119158840822997,0.041122618974896,2.1016596688361364,3.412699202138037,0.2525808044867857,12.908884270523838,18.48934558148423,20.012127483515624,6.933804692539655,45.24810970248632,1,0.1530385030571958
seq_3,10,24,2.497329295025654,1.3801146146191094,0.0355669344636416,0.0777997338216881,0.1092551906461691,1.405531240040654,1.2537005389572786,0.3387925597791986,-10.40227544369816,43.3421249425824,29.256250155353783,12.354338262706255,39.15945890027985,1,0.1870549244678572
seq_4,10,61,2.688195137767561,0.9861851071069139,0.006661924604573225,0.09459052376057232,0.3735497523787873,1.717218740027216,1.663932096329828,0.36446826735051746,-11.453891503392597,20.463858176040304,17.37762184295697,7.003010528615303,22.270923618762506,1,0.4681402761393596
seq_5,10,36,2.1219311485939043,1.3306607505832997,0.0083560616324856,0.1349796832140808,0.0727474148044944,1.5642929690599872,2.5531463028062182,0.2250490607113543,-0.5369738999151342,57.72525699223085,39.19336734169945,26.53992184609733,30.934683961537417,1,0.2077270980185752
