sequence_name,n_sequences_tips,alignment_length,crown_age,gamma_shape,prop_invariant,insertion_rate,deletion_rate,mean_insertion_length,mean_deletion_length,normalized_colless_index,gamma,best_BD_speciation_rate,best_BD_extinction_rate,best_BD_speciation_alpha,best_BD_extinction_alpha,best_BLINDLIN,indel_rate
seq_1,20,29,1.2943260085750978,1.5483518577932796,0.0258308619572078,0.129948703041073,0.3745969974029257,3.2202753917174136,1.8377956183074375,0.2824514904864558,16.44633182536838,69.55411902517797,36.30836236158358,50.85520711722472,39.237215330491104,1,0.5045457004439988
