,n_sequences_tips,alignment_length,crown_age,gamma_shape,prop_invariant,insertion_rate,deletion_rate,mean_insertion_length,mean_deletion_length,normalized_colless_index,gamma,best_BD_speciation_rate,best_BD_extinction_rate,best_BD_speciation_alpha,best_BD_extinction_alpha,best_BLINDLIN,indel_rate
count,266.0,266.0,266.0,266.0,266.0,266.0,266.0,266.0,266.0,266.0,266.0,266.0,266.0,266.0,266.0,266.0,266.0
mean,55.00751879699248,72.95112781954887,2.3645619689777018,1.2257458282682694,0.0187846570526274,0.08054578889927734,0.1656015472721844,3.072899506229125,2.8132116647072567,0.2734230858559324,-5.181802025774838,30.099696798925418,30.65806918373385,10.960045455793933,23.281727037548183,1.0,0.24614733617146176
std,22.933701407219342,40.62912630593477,0.7964270509266372,0.38332385960483667,0.012434495211986266,0.033849969002719464,0.10349052671352253,1.9716139396781305,1.3717635893749278,0.09878834379767197,16.06053913213866,18.32026181395496,18.352877158978153,10.446253407279158,12.530433488990317,0.0,0.11665777413874966
min,20.0,23.0,1.1478047335572499,0.5204953249245238,0.0004583280938565888,0.00039905406712709146,0.035970421219083025,1.4051296186722064,1.0596994149533152,0.11237566730143812,-46.882924356906265,0.3669420683508926,3.786315668742743,-6.691006816452174,-8.313731279416002,1.0,0.05066011983205479
25%,35.0,36.25,1.694402128371695,0.9348362582175289,0.0077835990831264384,0.056376932409178626,0.07542518586961455,1.559456078069153,1.8270555143902958,0.19228835053029958,-14.410597931237525,15.569855902360008,19.301137214822287,3.5444984344922332,14.372355990885872,1.0,0.15581101845184311
50%,51.5,62.5,2.2833612528815204,1.2140559362368228,0.018608500343953758,0.08349529424595534,0.135884200765526,2.2359538345168044,2.5696200000460867,0.25455113978814814,-4.246734785196533,28.25015242315974,25.70597844140353,9.040098729106704,22.91207824691113,1.0,0.22440490254531567
75%,75.0,102.0,2.9089845003633252,1.4942913886841895,0.02683643449269744,0.10650959422318629,0.2501497163654911,3.945879193382811,3.380758529806234,0.3383287780200208,7.013040694026977,43.573572400803236,37.31877732673791,16.738517226295386,31.796104579599067,1.0,0.3364531969238683
max,99.0,173.0,4.430981806424436,2.2158386765629405,0.04703038144226142,0.13802497434124925,0.3857572956834887,9.852744100066088,9.006312469270277,0.4811552927091022,22.83042487159793,84.85472873509227,117.86713017846783,52.876094037056845,59.99415403874367,1.0,0.5045457004439988
