path,elapsed_historian,elapsed_baliphy
data/simulation/SCOPt4e1/seq_1,10332.667725801468,60497.898310899734
data/simulation/SCOPt3e1/seq_1,12083.7173037529,57352.93539214134
data/simulation/SCOPt2e1/seq_1,13378.32970404625,86682.35744309425
data/simulation/SCOPt1e1/seq_1,14211.25588798523,219607.89817214012
